date UTC since epoch [s],Voltage U[V],master measured U[bit],slave measured U[bit]
1649921938.9762,59.5,3322,3333
1649921948.1923416,59.5,3323,3333
1649921956.8956635,59.5,3323,3333
1649921966.1157713,59.5,3323,3333
1649921975.3253155,59.5,3323,3333
1649921984.0365179,59.5,3324,3333
1649921993.245615,59.5,3324,3333
1649922001.4485402,59.5,3323,3333
1649922010.656586,59.5,3324,3333
1649922019.8767865,59.5,3324,3332
1649922029.1336486,59.5,3325,3333
1649922037.7964506,59.5,3324,3333
1649922046.4961529,59.5,3324,3333
1649922055.7159667,59.5,3324,3334
1649922064.939633,59.5,3324,3333
1649922073.636083,59.5,3324,3333
1649922082.8477314,59.5,3324,3333
1649922091.556383,59.5,3325,3333
1649922100.7664614,59.5,3324,3333
1649922109.98669,59.5,3324,3333
1649922118.6908832,59.5,3324,3333
1649922127.8988388,59.5,3324,3333
1649922136.6065679,59.5,3325,3333
1649922145.3165007,59.5,3324,3333
1649922154.5272636,59.5,3324,3333
1649922163.2427828,59.5,3324,3333
1649922172.4480855,59.5,3324,3333
1649922181.15728,59.5,3324,3333
1649922190.3672738,59.5,3324,3332
1649922199.076103,59.5,3324,3333
1649922208.2891598,59.5,3324,3333
1649922216.9954257,59.5,3324,3334
1649922226.2089963,59.5,3324,3333
1649922234.9189515,59.5,3324,3333
1649922244.1389372,59.5,3324,3332
1649922252.836825,59.5,3324,3333
1649922261.017366,59.5,3324,3333
1649922270.2371595,59.5,3324,3333
1649922278.946882,59.5,3324,3333
1649922287.6568136,59.5,3324,3333
1649922296.866979,59.5,3324,3333
1649922306.0776823,59.5,3324,3333
1649922314.7878513,59.5,3324,3334
1649922323.997638,59.5,3324,3334
1649922332.7071567,59.5,3324,3333
1649922341.9182792,59.5,3325,3333
1649922350.628589,59.5,3325,3333
1649922359.327274,59.5,3325,3333
1649922368.0366457,59.5,3324,3333
1649922377.2531316,59.5,3324,3333
1649922385.958467,59.5,3324,3333
1649922395.1686165,59.5,3324,3333
1649922403.8773215,59.5,3324,3333
1649922413.0876002,59.5,3325,3333
1649922422.307601,59.5,3324,3333
1649922431.0083618,59.5,3324,3333
1649922439.7195477,59.5,3324,3333
1649922448.9274774,59.5,3324,3333
1649922458.147229,59.5,3324,3333
1649922466.8493333,59.5,3325,3333
1649922476.0678658,59.5,3325,3333
1649922485.2800055,59.5,3324,3333
1649922494.4977546,59.5,3324,3333
1649922503.719198,59.5,3324,3333
1649922512.9290757,59.5,3324,3333
1649922522.1391807,59.5,3325,3333
1649922531.3604915,59.5,3324,3333
1649922540.5675578,59.5,3325,3333
1649922549.798351,59.5,3325,3334
1649922559.0100455,59.5,3324,3332
1649922568.2302542,59.5,3325,3333
1649922577.4417648,59.5,3324,3333
1649922586.6467345,59.5,3325,3333
1649922595.8738148,59.5,3324,3334
1649922605.089345,59.5,3324,3333
1649922613.7883718,59.5,3325,3333
1649922623.62001,59.5,3324,3333
1649922632.216685,59.5,3324,3333
1649922641.4386065,59.5,3325,3333
1649922650.6581175,59.5,3325,3333
1649922659.8590221,59.5,3324,3333
1649922668.5789006,59.5,3324,3333
1649922677.7885501,59.5,3324,3333
1649922686.4990757,59.5,3325,3334
1649922695.1978908,59.5,3324,3333
1649922704.4198904,59.5,3324,3333
1649922713.6286852,59.5,3324,3333
1649922722.3468385,59.5,3325,3333
1649922731.0438385,59.5,3325,3334
1649922739.748848,59.5,3325,3333
1649922748.958414,59.5,3325,3333
1649922757.6684148,59.5,3324,3334
1649922766.8784137,59.5,3324,3333
1649922775.5894167,59.5,3325,3334
1649922784.799415,59.5,3325,3333
1649922793.5094244,59.5,3325,3333
1649922802.7194164,59.5,3324,3333
1649922811.4284134,59.5,3324,3333
1649922820.638413,59.5,3324,3333
1649922829.3514154,59.5,3325,3333
1649922838.0544162,59.5,3324,3333
1649922846.739417,59.5,3324,3332
1649922854.9504132,59.5,3325,3333
1649922864.1584482,59.5,3325,3333
1649922873.3821108,59.5,3324,3333
1649922882.590113,59.5,3324,3333
1649922891.8101134,59.5,3324,3333
1649922901.0320952,59.5,3325,3334
1649922910.2409735,59.5,3324,3333
1649922918.9499753,59.5,3324,3333
1649922928.1600018,59.5,3325,3333
1649922936.3499782,59.5,3325,3333
1649922945.5689752,59.5,3325,3333
1649922954.7898376,59.5,3325,3332
1649922963.4901385,59.5,3324,3333
1649922972.1902769,59.5,3324,3333
1649922980.9023008,59.5,3325,3333
1649922990.1102502,59.5,3325,3333
1649922998.8217185,59.5,3324,3333
1649923007.5217206,59.5,3324,3333
1649923016.2203085,59.5,3325,3333
1649923024.929385,59.5,3323,3333
1649923033.121863,59.5,3324,3333
1649923041.820487,59.5,3325,3333
1649923050.5303488,59.5,3324,3333
1649923059.7408357,59.5,3325,3333
1649923068.4502501,59.5,3324,3333
1649923077.6618345,59.5,3324,3334
1649923086.3707652,59.5,3324,3333
1649923095.0784516,59.5,3325,3333
1649923103.781394,59.5,3324,3333
1649923112.9913929,59.5,3324,3334
1649923121.7011945,59.5,3325,3333
1649923130.911328,59.5,3324,3334
1649923139.6217244,59.5,3325,3333
1649923148.8280437,59.5,3324,3333
1649923158.0517092,59.5,3324,3333
1649923167.2655969,59.5,3325,3333
1649923175.9719472,59.5,3325,3333
1649923185.1819594,59.5,3324,3333
1649923194.4047923,59.5,3325,3333
1649923203.1060352,59.5,3324,3333
1649923212.3226037,59.5,3324,3334
1649923221.5416937,59.5,3325,3333
1649923230.24183,59.5,3325,3334
1649923239.51883,59.5,3324,3333
1649923248.6777952,59.5,3324,3333
1649923257.8940625,59.5,3324,3333
1649923267.101609,59.5,3324,3333
1649923275.8135288,59.5,3325,3333
1649923284.5123625,59.5,3325,3333
1649923293.7341838,59.5,3324,3333
1649923302.4345198,59.5,3324,3333
1649923311.142325,59.5,3324,3333
1649923320.3549132,59.5,3324,3333
1649923329.0616844,59.5,3325,3333
1649923337.7623286,59.5,3325,3333
1649923346.4620352,59.5,3324,3332
1649923355.1720521,59.5,3324,3334
1649923363.3682437,59.5,3325,3333
1649923372.0643384,59.5,3325,3333
1649923380.7728689,59.5,3323,3333
1649923389.9823792,59.5,3325,3333
1649923398.6924329,59.5,3324,3334
1649923407.9027307,59.5,3324,3333
1649923416.6036866,59.5,3324,3333
1649923425.8226078,59.5,3325,3333
1649923434.5337515,59.5,3325,3333
1649923443.7436907,59.5,3325,3332
1649923452.4538574,59.5,3325,3333
1649923461.6628735,59.5,3325,3334
1649923470.3758824,59.5,3325,3333
1649923479.5825064,59.5,3324,3334
1649923488.2957108,59.5,3324,3333
1649923497.5029018,59.5,3324,3334
1649923506.7869334,59.5,3325,3333
1649923515.422987,59.5,3325,3334
1649923524.1330943,59.5,3324,3333
1649923533.3437853,59.5,3323,3333
1649923542.0578008,59.5,3324,3333
1649923551.2632115,59.5,3324,3333
1649923559.9732883,59.5,3323,3332
1649923569.1836247,59.5,3324,3333
1649923577.8938372,59.5,3325,3333
1649923587.1069763,59.5,3325,3333
1649923596.323992,59.5,3324,3333
1649923605.5342433,59.5,3324,3332
1649923614.244946,59.5,3324,3333
1649923623.4530637,59.5,3324,3333
1649923632.165522,59.5,3325,3333
1649923641.3736005,59.5,3324,3333
1649923650.0706642,59.5,3324,3333
1649923659.2929769,59.5,3324,3334
1649923668.003689,59.5,3325,3334
1649923677.213591,59.5,3324,3333
1649923685.9246595,59.5,3325,3333
1649923695.133754,59.5,3324,3333
1649923703.832507,59.5,3324,3333
1649923713.0539556,59.5,3324,3333
1649923721.7638397,59.5,3324,3333
1649923730.9737055,59.5,3325,3333
1649923739.6844022,59.5,3324,3333
1649923748.893825,59.5,3325,3333
1649923757.6043878,59.5,3325,3333
1649923766.814251,59.5,3324,3333
1649923775.5249496,59.5,3324,3333
1649923784.7338698,59.5,3324,3334
1649923793.444057,59.5,3324,3333
1649923802.6459775,59.5,3324,3333
1649923811.3649068,59.5,3324,3333
1649923820.584633,59.5,3325,3333
1649923829.2851963,59.5,3325,3333
1649923838.5102515,59.5,3325,3333
1649923847.714536,59.5,3324,3333
1649923856.4159124,59.5,3324,3333
1649923865.124562,59.5,3325,3334
1649923874.3350763,59.5,3325,3333
1649923883.044808,59.5,3324,3333
1649923892.2546942,59.5,3325,3333
1649923901.4743903,59.5,3324,3333
1649923910.6865106,59.5,3324,3333
1649923919.3948035,59.5,3324,3333
1649923928.094869,59.5,3324,3333
1649923936.8044853,59.5,3324,3333
1649923946.0145988,59.5,3324,3333
1649923955.2351775,59.5,3325,3333
1649923963.9351206,59.5,3324,3333
1649923972.625761,59.5,3324,3333
1649923981.8554938,59.5,3324,3333
1649923990.5652475,59.5,3325,3333
1649923999.7758594,59.5,3325,3333
1649924008.9946036,59.5,3325,3333
1649924018.1997807,59.5,3325,3333
1649924026.9155357,59.5,3325,3333
1649924036.1258614,59.5,3325,3333
1649924044.8351946,59.5,3325,3333
1649924053.536271,59.5,3325,3333
1649924062.2450366,59.5,3325,3333
1649924071.4566424,59.5,3325,3333
1649924080.6807466,59.5,3324,3333
1649924089.8860114,59.5,3325,3333
1649924099.1058524,59.5,3325,3333
1649924108.3187053,59.5,3325,3333
1649924117.025421,59.5,3324,3333
1649924125.7268136,59.5,3324,3333
1649924134.9465094,59.5,3324,3333
1649924144.1587865,59.5,3324,3333
1649924153.3785686,59.5,3325,3333
1649924162.5858471,59.5,3324,3333
1649924171.8075588,59.5,3324,3333
1649924181.016251,59.5,3324,3333
1649924189.727891,59.5,3323,3333
1649924198.9473946,59.5,3324,3333
1649924208.1595833,59.5,3324,3333
1649924217.3764377,59.5,3324,3333
1649924226.081326,59.5,3325,3333
1649924235.2973912,59.5,3324,3333
1649924243.9865584,59.5,3325,3333
1649924253.2163053,59.5,3324,3333
1649924261.9217324,59.5,3324,3333
1649924270.6262321,59.5,3324,3334
1649924279.8310766,59.5,3324,3333
1649924288.5462124,59.5,3325,3333
1649924297.7613542,59.5,3325,3334
1649924307.0237288,59.5,3324,3333
1649924315.6844418,59.5,3324,3333
1649924324.8974624,59.5,3325,3333
1649924334.1199324,59.5,3324,3333
1649924342.8182456,59.5,3324,3333
1649924351.513582,59.5,3325,3333
1649924360.7369285,59.5,3324,3333
1649924369.9587615,59.5,3324,3333
1649924379.1707234,59.5,3325,3333
1649924388.3882003,59.5,3323,3333
1649924397.596838,59.5,3325,3333
1649924406.3075294,59.5,3324,3333
1649924415.5098405,59.5,3325,3334
1649924424.2310631,59.5,3324,3333
1649924433.5187461,59.5,3325,3333
1649924442.1364982,59.5,3324,3332
1649924451.3627112,59.5,3324,3333
1649924460.068886,59.5,3324,3333
1649924468.7701583,59.5,3324,3333
1649924477.4692156,59.5,3324,3333
1649924486.1789844,59.5,3324,3334
1649924494.877713,59.5,3324,3333
1649924503.5783544,59.5,3324,3333
1649924512.797568,59.5,3325,3334
1649924521.5085812,59.5,3324,3333
1649924530.2108557,59.5,3325,3333
1649924538.9094787,59.5,3325,3333
1649924547.6182585,59.5,3324,3333
1649924556.3232453,59.5,3324,3333
1649924565.5391815,59.5,3324,3333
1649924574.237604,59.5,3324,3333
1649924582.9387167,59.5,3324,3333
1649924592.1577775,59.5,3324,3334
1649924600.86818,59.5,3325,3333
1649924610.0780866,59.5,3325,3333
1649924619.290052,59.5,3325,3333
1649924628.5107918,59.5,3324,3333
1649924637.220608,59.5,3324,3333
1649924646.4282222,59.5,3324,3333
1649924655.648307,59.5,3324,3333
1649924664.8682163,59.5,3325,3333
1649924674.0778866,59.5,3324,3333
1649924683.301551,59.5,3324,3333
1649924692.508559,59.5,3325,3333
1649924701.2231967,59.5,3324,3333
1649924710.4292276,59.5,3325,3334
1649924719.142655,59.5,3324,3334
1649924728.3489938,59.5,3325,3333
1649924737.052043,59.5,3324,3333
1649924746.2685266,59.5,3324,3333
1649924754.9783726,59.5,3325,3334
1649924764.1883368,59.5,3325,3333
1649924772.8985195,59.5,3324,3333
1649924782.108816,59.5,3325,3334
1649924790.8186078,59.5,3324,3333
1649924800.0202143,59.5,3324,3333
1649924809.2486737,59.5,3325,3333
1649924818.4707594,59.5,3324,3333
1649924827.681836,59.5,3325,3333
1649924836.899036,59.5,3324,3333
1649924846.1094644,59.5,3325,3333
1649924854.8188157,59.5,3324,3333
1649924863.51972,59.5,3325,3333
1649924872.2192788,59.5,3325,3333
1649924880.9294436,59.5,3325,3334
1649924890.1389642,59.5,3324,3333
1649924898.8495598,59.5,3324,3334
1649924908.0590274,59.5,3325,3333
1649924916.7701764,59.5,3324,3333
1649924925.4660876,59.5,3324,3333
1649924934.690155,59.5,3324,3333
1649924943.3825002,59.5,3324,3333
1649924952.1003423,59.5,3325,3333
1649924961.3110757,59.5,3325,3333
1649924970.530597,59.5,3324,3333
1649924979.2316208,59.5,3324,3333
1649924987.9242918,59.5,3325,3334
1649924997.1525936,59.5,3324,3333
1649925005.86244,59.5,3325,3333
1649925015.0706503,59.5,3324,3333
1649925024.2942753,59.5,3325,3333
1649925032.9898257,59.5,3324,3333
1649925041.700545,59.5,3324,3334
1649925050.910068,59.5,3324,3332
1649925060.130054,59.5,3325,3333
1649925068.8306978,59.5,3325,3333
1649925077.540473,59.5,3324,3333
1649925086.7503552,59.5,3324,3333
1649925095.9698436,59.5,3325,3333
1649925105.1796875,59.5,3324,3333
1649925113.8932247,59.5,3325,3333
1649925123.0998838,59.5,3325,3333
1649925131.8098154,59.5,3325,3333
1649925141.0213888,59.5,3324,3333
1649925149.7327187,59.5,3324,3333
1649925158.9440126,59.5,3325,3333
1649925168.1620767,59.5,3325,3333
1649925177.3816342,59.5,3324,3333
1649925186.5914829,59.5,3325,3334
1649925195.8105648,59.5,3325,3333
1649925205.0147693,59.5,3324,3333
1649925214.2409332,59.5,3324,3334
1649925223.4523458,59.5,3324,3333
1649925232.1477304,59.5,3324,3333
1649925241.3736873,59.5,3325,3333
1649925250.0806084,59.5,3325,3333
1649925258.2717905,59.5,3324,3333
1649925267.4932265,59.5,3324,3333
1649925276.7011576,59.5,3324,3334
1649925285.4112215,59.5,3325,3333
1649925294.6208675,59.5,3324,3333
1649925303.8423676,59.5,3324,3333
1649925313.0540326,59.5,3324,3333
1649925321.7609222,59.5,3325,3332
1649925330.9732163,59.5,3325,3333
1649925339.6826475,59.5,3324,3333
1649925348.3812938,59.5,3325,3333
1649925357.5916626,59.5,3324,3334
1649925366.3020153,59.5,3324,3333
1649925375.5108082,59.5,3324,3333
1649925384.222022,59.5,3324,3333
1649925392.9316106,59.5,3324,3333
1649925402.1459997,59.5,3324,3334
1649925411.3461783,59.5,3324,3333
1649925420.5714002,59.5,3325,3333
1649925429.7920737,59.5,3325,3333
1649925438.4918215,59.5,3325,3333
1649925447.2019908,59.5,3324,3333
1649925456.4136734,59.5,3325,3333
1649925465.1237173,59.5,3324,3333
1649925474.3323548,59.5,3324,3333
1649925483.0419898,59.5,3325,3333
1649925492.252566,59.5,3324,3333
1649925501.4727612,59.5,3325,3333
1649925510.1717846,59.5,3324,3333
1649925518.882552,59.5,3324,3333
1649925528.0922973,59.5,3324,3333
1649925536.8018537,59.5,3324,3333
1649925546.0081663,59.5,3325,3333
1649925554.7241912,59.5,3324,3333
1649925563.9336414,59.5,3324,3333
1649925572.6426528,59.5,3324,3333
1649925581.8532226,59.5,3325,3333
1649925590.562342,59.5,3325,3333
1649925599.7725127,59.5,3325,3333
1649925608.484058,59.5,3325,3333
1649925617.6917253,59.5,3325,3333
1649925626.4048655,59.5,3324,3333
1649925635.6118574,59.5,3325,3333
1649925644.3238122,59.5,3324,3333
1649925653.5329618,59.5,3324,3333
1649925662.7547574,59.5,3324,3333
1649925671.4528942,59.5,3324,3332
1649925680.1632216,59.5,3325,3333
1649925688.3528605,59.5,3324,3333
1649925697.0580556,59.5,3324,3333
1649925705.7634897,59.5,3325,3333
1649925714.9728975,59.5,3325,3333
1649925723.6918137,59.5,3324,3333
1649925732.8929234,59.5,3324,3333
1649925741.6058588,59.5,3324,3333
1649925750.8133028,59.5,3324,3334
1649925759.5245132,59.5,3325,3333
1649925767.7139223,59.5,3324,3333
1649925776.923726,59.5,3324,3333
1649925785.6330569,59.5,3325,3333
1649925794.3250515,59.5,3324,3333
1649925803.5534134,59.5,3324,3333
1649925812.7638152,59.5,3325,3333
1649925821.4734027,59.5,3325,3334
1649925830.6840186,59.5,3324,3334
1649925839.3937478,59.5,3324,3333
1649925848.6048887,59.5,3324,3333
1649925857.3101244,59.5,3323,3333
1649925866.5240574,59.5,3324,3333
1649925875.2436998,59.5,3324,3333
1649925883.9333246,59.5,3323,3333
1649925892.6434166,59.5,3324,3333
1649925901.8537452,59.5,3324,3333
1649925911.0734503,59.5,3325,3334
1649925919.7744935,59.5,3324,3333
1649925928.9938643,59.5,3324,3333
1649925938.2050297,59.5,3324,3334
1649925946.9147468,59.5,3324,3333
1649925956.124853,59.5,3323,3333
1649925964.8347716,59.5,3324,3333
1649925974.0456378,59.5,3324,3333
1649925982.7535117,59.5,3324,3333
1649925991.9654806,59.5,3325,3333
1649926000.6748135,59.5,3324,3333
1649926009.885875,59.5,3325,3333
1649926018.5956612,59.5,3325,3333
1649926027.8063474,59.5,3324,3333
1649926036.513866,59.5,3325,3334
1649926045.724606,59.5,3325,3333
1649926054.945312,59.5,3324,3332
1649926064.1552885,59.5,3324,3334
1649926072.86508,59.5,3324,3333
1649926082.0746226,59.5,3324,3333
1649926090.7847714,59.5,3324,3334
1649926099.9944525,59.5,3324,3334
1649926108.704757,59.5,3324,3333
1649926118.0220084,59.5,3324,3333
1649926127.1344612,59.5,3324,3333
1649926136.3559515,59.5,3324,3333
1649926145.5676703,59.5,3323,3333
1649926154.7851593,59.5,3324,3333
1649926163.9963915,59.5,3324,3333
1649926173.216495,59.5,3325,3333
1649926182.4354446,59.5,3325,3333
1649926191.6482632,59.5,3325,3333
1649926200.8669968,59.5,3324,3333
1649926210.0752501,59.5,3324,3333
1649926219.2962112,59.5,3324,3333
1649926227.9947772,59.5,3324,3334
1649926237.217309,59.5,3325,3333
1649926246.4345446,59.5,3324,3333
1649926255.6536663,59.5,3324,3333
1649926264.865146,59.5,3324,3333
1649926274.0755475,59.5,3324,3333
1649926283.2974298,59.5,3324,3333
1649926291.995808,59.5,3324,3333
1649926300.7054927,59.5,3324,3333
1649926309.9160984,59.5,3325,3333
1649926319.138704,59.5,3324,3333
1649926327.8351908,59.5,3324,3333
1649926336.5467477,59.5,3325,3333
1649926345.7556577,59.5,3324,3333
1649926354.4658108,59.5,3324,3333
1649926363.676622,59.5,3324,3333
1649926372.3869627,59.5,3325,3333
1649926381.5973294,59.5,3325,3333
1649926390.8202515,59.5,3325,3333
1649926399.5167906,59.5,3324,3333
1649926408.7256563,59.5,3325,3333
1649926417.9521801,59.5,3325,3334
1649926427.1741416,59.5,3325,3333
1649926435.8695788,59.5,3324,3334
1649926444.5811584,59.5,3325,3334
1649926453.7890851,59.5,3325,3333
1649926463.006597,59.5,3324,3333
1649926471.696602,59.5,3324,3333
1649926480.9269412,59.5,3324,3333
1649926490.1499648,59.5,3324,3333
1649926498.3364892,59.5,3324,3334
1649926507.546735,59.5,3325,3333
1649926516.2569518,59.5,3324,3333
1649926525.456161,59.5,3325,3333
1649926534.6878467,59.5,3324,3333
1649926543.9097087,59.5,3325,3333
1649926553.119067,59.5,3324,3333
1649926562.337221,59.5,3325,3333
1649926571.547014,59.5,3325,3333
1649926580.7663844,59.5,3324,3333
1649926589.4669135,59.5,3325,3333
1649926598.1778877,59.5,3324,3333
1649926607.3873303,59.5,3324,3333
1649926616.0968297,59.5,3325,3334
1649926625.307255,59.5,3325,3333
1649926634.0181236,59.5,3324,3333
1649926643.3424516,59.5,3325,3333
1649926651.9384317,59.5,3324,3333
1649926661.1482377,59.5,3324,3333
1649926669.857148,59.5,3325,3333
1649926679.0674121,59.5,3325,3333
1649926687.777278,59.5,3324,3333
1649926696.9876301,59.5,3325,3333
1649926705.6976454,59.5,3324,3333
1649926714.9083264,59.5,3324,3334
1649926723.6175377,59.5,3325,3333
1649926732.8281956,59.5,3324,3333
1649926741.5377865,59.5,3325,3333
1649926750.8628478,59.5,3324,3334
1649926759.9697225,59.5,3324,3333
1649926768.6688192,59.5,3324,3333
1649926777.8901248,59.5,3324,3333
1649926787.0981462,59.5,3324,3333
1649926795.8090594,59.5,3325,3333
1649926805.017708,59.5,3325,3333
1649926813.7194963,59.5,3325,3333
1649926822.4301941,59.5,3325,3333
1649926831.1391737,59.5,3324,3333
1649926840.3497267,59.5,3325,3333
1649926849.5715742,59.5,3324,3333
1649926858.778058,59.5,3325,3333
1649926867.4881065,59.5,3324,3333
1649926876.6977513,59.5,3325,3333
1649926885.4081845,59.5,3325,3334
1649926894.109355,59.5,3324,3334
1649926903.3286288,59.5,3324,3334
1649926912.5386999,59.5,3324,3333
1649926921.2495148,59.5,3324,3333
1649926930.4585612,59.5,3325,3333
1649926939.1689603,59.5,3325,3333
1649926948.378694,59.5,3324,3333
1649926957.0888777,59.5,3324,3333
1649926965.7888353,59.5,3324,3334
1649926975.0079207,59.5,3325,3333
1649926983.708687,59.5,3325,3333
1649926992.4187381,59.5,3325,3333
1649927001.1212099,59.5,3324,3333
1649927009.8202748,59.5,3324,3333
1649927018.5287516,59.5,3325,3334
1649927027.229134,59.5,3325,3333
1649927036.449774,59.5,3325,3333
1649927045.6603017,59.5,3325,3333
1649927054.3702714,59.5,3325,3333
1649927063.5789495,59.5,3325,3333
1649927072.2907412,59.5,3325,3333
1649927081.4991045,59.5,3325,3333
1649927090.209237,59.5,3324,3332
1649927099.4197128,59.5,3325,3333
1649927108.1317942,59.5,3324,3333
1649927117.340427,59.5,3324,3333
1649927126.0504937,59.5,3325,3333
1649927135.2602568,59.5,3325,3333
1649927144.4788158,59.5,3325,3334
1649927153.6916654,59.5,3324,3333
1649927162.400189,59.5,3324,3333
1649927171.0920205,59.5,3325,3333
1649927179.8128521,59.5,3325,3332
1649927189.0204096,59.5,3325,3334
1649927197.7306173,59.5,3324,3333
1649927206.9404624,59.5,3325,3333
1649927216.1751885,59.5,3325,3332
1649927225.3711345,59.5,3324,3333
1649927234.079357,59.5,3324,3333
1649927243.289744,59.5,3324,3333
1649927251.991016,59.5,3325,3333
1649927261.2104702,59.5,3324,3333
1649927269.919473,59.5,3324,3333
1649927279.1270595,59.5,3325,3333
1649927287.8418746,59.5,3325,3332
1649927296.5425532,59.5,3324,3333
1649927305.760113,59.5,3324,3333
1649927314.9709728,59.5,3325,3333
1649927323.6811628,59.5,3325,3333
1649927332.8907197,59.5,3324,3333
1649927341.6010776,59.5,3325,3333
1649927350.8108768,59.5,3325,3333
1649927359.520806,59.5,3324,3333
1649927368.731121,59.5,3325,3333
1649927377.4411802,59.5,3324,3333
1649927386.6512454,59.5,3324,3333
1649927395.369781,59.5,3324,3333
1649927404.571077,59.5,3325,3333
1649927413.281058,59.5,3325,3333
1649927422.4910874,59.5,3325,3333
1649927431.2031028,59.5,3325,3333
1649927440.4109068,59.5,3325,3333
1649927449.122627,59.5,3325,3333
1649927458.3318386,59.5,3324,3333
1649927467.0428963,59.5,3325,3332
1649927476.250873,59.5,3324,3333
1649927484.961854,59.5,3325,3333
1649927494.171773,59.5,3325,3334
1649927502.8806424,59.5,3324,3333
1649927512.1001403,59.5,3324,3333
1649927521.311383,59.5,3325,3333
1649927530.0118601,59.5,3325,3333
1649927538.7218397,59.5,3325,3334
1649927547.95528,59.5,3325,3333
1649927556.6428044,59.5,3325,3333
1649927565.8513947,59.5,3325,3334
1649927574.561515,59.5,3325,3333
1649927583.771868,59.5,3325,3333
1649927592.4818707,59.5,3324,3333
1649927601.691142,59.5,3325,3333
1649927610.4015574,59.5,3326,3334
1649927619.611455,59.5,3325,3333
1649927628.3218768,59.5,3325,3333
1649927637.5318959,59.5,3325,3333
1649927646.241706,59.5,3325,3333
1649927655.4515033,59.5,3324,3333
1649927664.162041,59.5,3324,3333
1649927673.3720982,59.5,3324,3333
1649927682.5920231,59.5,3324,3333
1649927691.292816,59.5,3324,3333
1649927700.0023744,59.5,3325,3333
1649927709.2130942,59.5,3324,3332
1649927717.9158492,59.5,3325,3333
1649927727.132504,59.5,3324,3332
1649927736.3524742,59.5,3325,3333
1649927745.5636075,59.5,3324,3333
1649927754.7823067,59.5,3324,3333
1649927763.4852438,59.5,3325,3333
1649927772.702842,59.5,3325,3332
1649927781.4053917,59.5,3325,3333
1649927790.6224172,59.5,3325,3333
1649927799.8432739,59.5,3324,3333
1649927809.05341,59.5,3325,3333
1649927818.2738554,59.5,3325,3334
1649927827.485539,59.5,3325,3333
1649927836.702919,59.5,3324,3333
1649927845.9238775,59.5,3324,3333
1649927855.1339746,59.5,3325,3333
1649927864.3537595,59.5,3324,3333
1649927873.5661104,59.5,3324,3333
1649927882.7832644,59.5,3324,3334
1649927891.9937081,59.5,3325,3333
1649927900.7040887,59.5,3325,3333
1649927909.914033,59.5,3325,3333
1649927918.1129308,59.5,3325,3333
1649927927.3239734,59.5,3324,3333
1649927936.543488,59.5,3324,3333
1649927945.298423,59.5,3323,3332
1649927954.4630165,59.5,3324,3333
1649927963.1630442,59.5,3324,3333
1649927971.874114,59.5,3324,3334
1649927981.0844111,59.5,3325,3333
1649927989.7935758,59.5,3324,3333
1649927999.0035732,59.5,3324,3333
1649928008.22398,59.5,3325,3333
1649928017.4339015,59.5,3325,3333
1649928026.1435077,59.5,3325,3333
1649928035.3467474,59.5,3324,3333
1649928044.0647657,59.5,3325,3333
1649928052.7634032,59.5,3324,3333
1649928061.4661841,59.5,3325,3333
1649928070.6841345,59.5,3324,3333
1649928079.9049468,59.5,3325,3334
1649928088.609263,59.5,3324,3332
1649928097.314576,59.5,3324,3333
1649928106.5250425,59.5,3324,3333
1649928115.746139,59.5,3324,3334
1649928124.4451237,59.5,3325,3333
1649928133.1545832,59.5,3324,3333
1649928142.366101,59.5,3324,3333
1649928151.5857394,59.5,3325,3333
1649928160.2854452,59.5,3325,3333
1649928169.5059228,59.5,3324,3333
1649928178.716227,59.5,3325,3334
1649928187.9348671,59.5,3325,3333
1649928197.1542068,59.5,3324,3334
1649928205.853952,59.5,3325,3333
1649928215.0763853,59.5,3325,3333
1649928224.2909634,59.5,3325,3333
1649928233.4975772,59.5,3324,3333
1649928242.717792,59.5,3324,3333
1649928251.9346757,59.5,3325,3333
1649928261.1447318,59.5,3324,3333
1649928270.3673348,59.5,3325,3333
1649928279.0709887,59.5,3324,3333
1649928288.2844875,59.5,3324,3333
1649928297.507968,59.5,3324,3333
1649928306.7154,59.5,3324,3333
1649928315.9356606,59.5,3325,3333
1649928325.144629,59.5,3324,3333
1649928333.857351,59.5,3325,3333
1649928342.5557637,59.5,3325,3333
1649928351.7761607,59.5,3323,3333
1649928360.4755147,59.5,3325,3333
1649928369.694676,59.5,3324,3333
1649928378.9056075,59.5,3325,3333
1649928387.6159902,59.5,3325,3333
1649928396.8252327,59.5,3325,3333
1649928405.5363116,59.5,3325,3333
1649928414.7456508,59.5,3324,3333
1649928423.4556131,59.5,3325,3333
1649928432.6669464,59.5,3325,3333
1649928441.378752,59.5,3324,3333
1649928450.0758584,59.5,3324,3333
1649928458.7858303,59.5,3325,3333
1649928467.9956882,59.5,3325,3333
1649928476.7055707,59.5,3324,3334
1649928485.9156756,59.5,3324,3333
1649928494.6257124,59.5,3324,3333
1649928503.8353264,59.5,3325,3333
1649928513.056313,59.5,3325,3332
1649928522.265781,59.5,3324,3334
1649928530.9763987,59.5,3324,3333
1649928540.1855495,59.5,3324,3332
1649928548.8968868,59.5,3325,3333
1649928557.5959735,59.5,3324,3333
1649928566.8164225,59.5,3323,3334
1649928576.0270145,59.5,3325,3333
1649928584.7377808,59.5,3324,3333
1649928593.939275,59.5,3325,3333
1649928603.168907,59.5,3325,3333
1649928611.906442,59.5,3325,3333
1649928621.0709794,59.5,3323,3333
1649928629.8937776,59.5,3324,3333
1649928638.4987655,59.5,3325,3333
1649928646.686646,59.5,3324,3333
1649928655.8961017,59.5,3324,3333
1649928664.0982823,59.5,3324,3333
1649928673.3070474,59.5,3325,3333
1649928682.0184896,59.5,3324,3332
1649928690.716644,59.5,3325,3333
1649928699.416773,59.5,3325,3334
1649928708.1270666,59.5,3324,3334
1649928716.8278415,59.5,3325,3333
1649928726.0472217,59.5,3324,3333
1649928734.236947,59.5,3324,3333
1649928742.929426,59.5,3324,3332
1649928751.64694,59.5,3324,3333
1649928760.349141,59.5,3324,3333
1649928769.0576348,59.5,3325,3333
1649928778.272214,59.5,3324,3333
1649928786.9810078,59.5,3325,3333
1649928796.1867797,59.5,3325,3333
1649928804.90191,59.5,3325,3333
1649928814.1071167,59.5,3325,3332
1649928823.328158,59.5,3325,3334
1649928832.5376863,59.5,3324,3333
1649928841.247445,59.5,3324,3334
1649928850.4576044,59.5,3324,3333
1649928859.1670825,59.5,3324,3333
1649928867.8672447,59.5,3325,3333
1649928876.578916,59.5,3324,3333
1649928885.7869115,59.5,3325,3333
1649928894.4974654,59.5,3324,3333
1649928903.7096992,59.5,3324,3333
1649928912.4172113,59.5,3325,3333
1649928921.6284032,59.5,3323,3333
1649928930.338639,59.5,3323,3333
1649928939.5440814,59.5,3324,3333
1649928948.7681026,59.5,3324,3333
1649928957.994538,59.5,3323,3333
1649928966.6879854,59.5,3324,3333
1649928975.8981273,59.5,3325,3333
1649928984.6081674,59.5,3324,3333
1649928993.817675,59.5,3324,3333
1649929003.0374901,59.5,3324,3333
1649929012.2954452,59.5,3324,3333
1649929020.9647746,59.5,3324,3333
1649929029.1494482,59.5,3324,3332
1649929037.8506958,59.5,3325,3333
1649929046.5577796,59.5,3324,3333
1649929055.2584057,59.5,3325,3333
1649929063.9692638,59.5,3324,3333
1649929073.1783657,59.5,3324,3333
1649929081.8883042,59.5,3325,3333
1649929091.098688,59.5,3323,3334
1649929100.3181605,59.5,3325,3333
1649929109.528468,59.5,3325,3333
1649929118.2383556,59.5,3325,3333
1649929126.9385517,59.5,3324,3333
1649929136.16707,59.5,3324,3333
1649929144.8581927,59.5,3324,3334
1649929154.079016,59.5,3324,3334
1649929162.7792525,59.5,3324,3333
1649929171.9994028,59.5,3325,3333
1649929181.2095523,59.5,3324,3334
1649929189.9189045,59.5,3324,3333
1649929199.167442,59.5,3324,3333
1649929207.8391294,59.5,3324,3333
1649929216.5396204,59.5,3324,3332
1649929225.2496176,59.5,3325,3333
1649929234.461183,59.5,3325,3334
1649929243.6808732,59.5,3324,3333
1649929252.8894057,59.5,3325,3333
1649929261.5997086,59.5,3324,3333
1649929270.8103778,59.5,3325,3333
1649929279.5188794,59.5,3324,3333
1649929288.7301552,59.5,3324,3334
1649929297.440085,59.5,3324,3333
1649929306.6492677,59.5,3324,3333
1649929315.3773718,59.5,3324,3333
1649929324.5700123,59.5,3324,3333
1649929333.295087,59.5,3325,3333
1649929342.4898803,59.5,3324,3333
1649929351.1997826,59.5,3324,3333
1649929359.8992627,59.5,3324,3333
1649929369.1205225,59.5,3324,3333
1649929378.3301392,59.5,3325,3334
1649929387.0402246,59.5,3324,3333
1649929396.2494113,59.5,3324,3333
1649929405.469777,59.5,3324,3333
1649929414.692111,59.5,3324,3334
1649929423.390229,59.5,3324,3333
1649929432.6024506,59.5,3325,3333
1649929441.3099456,59.5,3324,3333
1649929450.0107722,59.5,3324,3333
1649929458.7213938,59.5,3325,3333
1649929467.9307528,59.5,3324,3334
1649929477.198162,59.5,3324,3333
1649929485.8510494,59.5,3325,3333
1649929494.5616517,59.5,3324,3333
1649929503.77073,59.5,3323,3333
1649929512.9912481,59.5,3324,3334
1649929521.69321,59.5,3324,3333
1649929530.9107523,59.5,3325,3333
1649929540.125291,59.5,3324,3332
1649929549.340344,59.5,3324,3333
1649929558.5605605,59.5,3325,3333
1649929567.7722282,59.5,3324,3332
1649929577.0056612,59.5,3325,3333
1649929586.2001953,59.5,3324,3333
1649929595.4203637,59.5,3324,3333
1649929604.1208603,59.5,3324,3334
1649929612.8313618,59.5,3325,3333
1649929621.537345,59.5,3324,3333
1649929630.7507164,59.5,3324,3333
1649929639.965835,59.5,3325,3333
1649929649.1774635,59.5,3324,3333
1649929658.4014227,59.5,3324,3333
1649929667.665503,59.5,3324,3333
1649929676.8312948,59.5,3325,3333
1649929686.0471268,59.5,3324,3333
1649929695.2633598,59.5,3324,3333
1649929704.4816751,59.5,3325,3334
1649929713.6980019,59.5,3324,3334
1649929722.9176073,59.5,3325,3333
1649929732.1218612,59.5,3324,3333
1649929740.8317964,59.5,3324,3334
1649929750.052742,59.5,3324,3333
1649929759.264603,59.5,3325,3333
1649929767.9617689,59.5,3325,3333
1649929776.672144,59.5,3324,3333
1649929785.882058,59.5,3325,3333
1649929794.5923922,59.5,3324,3333
1649929803.8005302,59.5,3324,3333
1649929812.5130856,59.5,3325,3333
1649929821.7220755,59.5,3325,3334
1649929831.9621525,59.5,3325,3333
1649929840.6725974,59.5,3325,3333
1649929849.8821614,59.5,3325,3334
1649929859.1065936,59.5,3324,3334
1649929867.8016272,59.5,3324,3333
1649929876.5121121,59.5,3325,3333
1649929885.722986,59.5,3324,3334
1649929894.9453976,59.5,3325,3333
1649929903.6424558,59.5,3325,3333
1649929912.3540204,59.5,3324,3333
1649929921.5632558,59.5,3324,3333
1649929930.7827094,59.5,3324,3333
1649929939.474354,59.5,3323,3333
1649929948.7018125,59.5,3324,3333
1649929957.915362,59.5,3324,3333
1649929967.1323087,59.5,3325,3333
1649929976.3541908,59.5,3324,3333
1649929985.566797,59.5,3324,3333
1649929994.7828493,59.5,3325,3333
1649930003.9966624,59.5,3325,3333
1649930012.7019353,59.5,3325,3333
1649930021.404102,59.5,3324,3333
1649930030.6227293,59.5,3323,3333
1649930039.836139,59.5,3325,3333
1649930049.054126,59.5,3325,3334
1649930058.2756853,59.5,3324,3333
1649930067.4860523,59.5,3325,3333
1649930076.7035563,59.5,3325,3333
1649930085.9183037,59.5,3325,3334
1649930094.6225,59.5,3324,3332
1649930103.8326857,59.5,3325,3333
1649930113.054183,59.5,3325,3333
1649930121.7523658,59.5,3324,3333
1649930131.032879,59.5,3325,3334
1649930140.1934552,59.5,3325,3333
1649930149.4063623,59.5,3325,3334
1649930158.6224432,59.5,3324,3333
1649930167.8383226,59.5,3324,3333
1649930177.054643,59.5,3324,3333
1649930186.2733805,59.5,3324,3333
1649930195.4690263,59.5,3325,3333
1649930204.1943955,59.5,3324,3333
1649930213.4075904,59.5,3324,3333
1649930222.6239092,59.5,3325,3333
1649930231.8329933,59.5,3325,3333
1649930241.0547647,59.5,3324,3333
1649930250.273005,59.5,3325,3333
1649930259.4734976,59.5,3325,3333
1649930268.7055988,59.5,3325,3334
1649930277.9132597,59.5,3325,3333
1649930287.1369555,59.5,3324,3333
1649930296.3427408,59.5,3325,3333
1649930305.080978,59.5,3325,3333
1649930314.2637987,59.5,3324,3333
1649930322.978999,59.5,3325,3333
1649930331.7404904,59.5,3324,3333
1649930340.8988209,59.5,3325,3334
1649930350.1111488,59.5,3324,3333
1649930359.3233247,59.5,3325,3333
1649930368.0253515,59.5,3324,3333
1649930376.7364738,59.5,3325,3333
1649930385.4332101,59.5,3325,3333
1649930394.6536832,59.5,3324,3334
1649930403.3537188,59.5,3324,3333
1649930412.588028,59.5,3324,3333
1649930421.7866752,59.5,3324,3333
1649930431.0124564,59.5,3326,3334
1649930440.226577,59.5,3324,3333
1649930449.4418845,59.5,3324,3333
1649930458.719345,59.5,3324,3334
1649930467.8674238,59.5,3324,3333
1649930476.5789568,59.5,3324,3333
1649930485.7839358,59.5,3324,3333
1649930494.4995222,59.5,3325,3333
1649930503.1940997,59.5,3324,3333
1649930511.9077454,59.5,3324,3333
1649930521.11349,59.5,3325,3333
1649930529.8272898,59.5,3324,3333
1649930539.033713,59.5,3325,3333
1649930547.7482588,59.5,3324,3333
1649930556.9549484,59.5,3324,3333
1649930565.6693592,59.5,3324,3334
1649930574.8739798,59.5,3325,3333
1649930584.1009464,59.5,3324,3333
1649930592.7940967,59.5,3325,3333
1649930601.5097075,59.5,3325,3333
1649930610.7153904,59.5,3324,3333
1649930619.4562254,59.5,3324,3333
1649930628.6340442,59.5,3325,3333
1649930637.3434951,59.5,3324,3333
1649930646.5535085,59.5,3325,3333
1649930655.774313,59.5,3324,3334
1649930664.9845114,59.5,3324,3333
1649930673.694151,59.5,3325,3333
1649930682.89459,59.5,3325,3333
1649930691.613585,59.5,3324,3333
1649930700.823664,59.5,3324,3333
1649930709.5339282,59.5,3324,3334
1649930718.234641,59.5,3324,3333
1649930727.454428,59.5,3324,3333
1649930736.6646056,59.5,3324,3333
1649930745.3750563,59.5,3324,3333
1649930754.5846648,59.5,3325,3333
1649930763.2950952,59.5,3325,3333
1649930772.5044296,59.5,3325,3333
1649930781.2145224,59.5,3325,3332
1649930790.423856,59.5,3324,3334
1649930799.1365445,59.5,3324,3333
1649930808.3443363,59.5,3324,3333
1649930817.0555854,59.5,3325,3333
1649930826.2651362,59.5,3325,3333
1649930834.9757223,59.5,3324,3333
1649930844.1844852,59.5,3325,3333
1649930852.8952181,59.5,3324,3333
1649930862.104474,59.5,3324,3333
1649930870.8159208,59.5,3324,3334
1649930880.0285723,59.5,3325,3334
1649930889.2450712,59.5,3325,3333
1649930897.9448,59.5,3324,3333
1649930906.6541123,59.5,3324,3333
1649930915.866724,59.5,3325,3333
1649930924.574825,59.5,3324,3333
1649930933.8078887,59.5,3324,3333
1649930942.495813,59.5,3324,3333
1649930951.7060337,59.5,3325,3333
1649930960.4865396,59.5,3325,3333
1649930969.6264029,59.5,3324,3332
1649930978.8494067,59.5,3325,3333
1649930988.0597386,59.5,3324,3333
1649930997.2747087,59.5,3324,3333
1649931006.495481,59.5,3324,3333
1649931015.7062707,59.5,3325,3333
1649931024.933471,59.5,3325,3333
1649931034.1400814,59.5,3324,3333
1649931042.8478634,59.5,3325,3333
1649931052.0548985,59.5,3324,3333
1649931060.7665296,59.5,3324,3334
1649931069.9760385,59.5,3324,3333
1649931078.685791,59.5,3324,3333
1649931087.8950586,59.5,3324,3334
1649931096.6057544,59.5,3324,3333
1649931105.8157313,59.5,3324,3333
1649931114.5257475,59.5,3325,3332
1649931123.7361922,59.5,3325,3333
1649931132.4463663,59.5,3325,3333
1649931141.6565394,59.5,3324,3333
1649931150.3719802,59.5,3325,3333
1649931159.5747836,59.5,3324,3333
1649931168.2865138,59.5,3325,3333
1649931177.495644,59.5,3324,3333
1649931186.2069101,59.5,3325,3333
1649931194.9074957,59.5,3325,3333
1649931204.1259627,59.5,3324,3333
1649931212.8275576,59.5,3325,3333
1649931221.5357049,59.5,3324,3333
1649931230.7497106,59.5,3324,3333
1649931239.455941,59.5,3325,3333
1649931248.667631,59.5,3324,3333
1649931257.8862946,59.5,3324,3333
1649931267.1044745,59.5,3324,3333
1649931275.8083222,59.5,3325,3333
1649931285.1012177,59.5,3324,3333
1649931293.7274187,59.5,3325,3333
1649931301.9160087,59.5,3324,3333
1649931311.137149,59.5,3325,3333
1649931320.347492,59.5,3324,3333
1649931329.5479872,59.5,3324,3333
1649931338.7762358,59.5,3324,3333
1649931348.0015337,59.5,3324,3333
1649931357.2220514,59.5,3324,3333
1649931366.4294639,59.5,3324,3333
1649931375.6495497,59.5,3325,3333
1649931384.8600514,59.5,3324,3333
1649931394.0754066,59.5,3324,3333
1649931403.2986848,59.5,3324,3333
1649931412.506094,59.5,3324,3334
1649931421.7319982,59.5,3324,3333
1649931430.935958,59.5,3324,3333
1649931440.1574059,59.5,3324,3332
1649931449.3816051,59.5,3324,3333
1649931458.5865965,59.5,3325,3334
1649931467.8060007,59.5,3324,3333
1649931477.0225074,59.5,3323,3333
1649931486.2394946,59.5,3325,3333
1649931495.4495094,59.5,3324,3333
1649931503.6468096,59.5,3325,3333
1649931512.8608563,59.5,3324,3333
1649931522.0759087,59.5,3324,3333
1649931531.2863226,59.5,3324,3333
1649931540.0001473,59.5,3325,3333
1649931549.297334,59.5,3325,3333
1649931558.4266906,59.5,3324,3333
1649931567.126377,59.5,3325,3333
1649931575.837471,59.5,3325,3332
1649931585.046667,59.5,3325,3334
1649931593.7595549,59.5,3325,3334
1649931602.9668598,59.5,3325,3333
1649931612.1868632,59.5,3324,3333
1649931620.88687,59.5,3324,3333
1649931629.5988748,59.5,3325,3333
1649931638.8076847,59.5,3324,3334
1649931647.519017,59.5,3325,3333
1649931656.7264059,59.5,3324,3333
1649931665.4366813,59.5,3324,3333
1649931674.646845,59.5,3325,3333
1649931683.8686726,59.5,3325,3333
1649931692.5670533,59.5,3325,3333
1649931701.2775242,59.5,3324,3333
1649931709.9768238,59.5,3325,3334
1649931718.6881166,59.5,3324,3333
1649931727.8963995,59.5,3324,3334
1649931736.6091695,59.5,3325,3333
1649931745.8170907,59.5,3324,3334
1649931754.5271788,59.5,3324,3334
1649931763.737811,59.5,3324,3333
1649931772.9618473,59.5,3325,3334
1649931782.1681137,59.5,3324,3332
1649931790.8784008,59.5,3324,3334
1649931799.5784156,59.5,3324,3333
1649931808.2911296,59.5,3325,3333
1649931817.4967284,59.5,3325,3333
1649931826.2076254,59.5,3325,3333
1649931835.417564,59.5,3324,3333
1649931844.6407716,59.5,3325,3333
1649931853.3376193,59.5,3324,3333
1649931862.0488842,59.5,3324,3333
1649931871.2580986,59.5,3325,3334
1649931879.9680927,59.5,3324,3333
1649931889.1772404,59.5,3324,3333
1649931898.3973837,59.5,3325,3333
1649931907.6069953,59.5,3324,3333
1649931916.317157,59.5,3325,3333
1649931925.5763328,59.5,3325,3333
1649931934.2381306,59.5,3324,3334
1649931943.44793,59.5,3325,3333
1649931952.1578655,59.5,3324,3333
1649931961.3676033,59.5,3324,3333
1649931970.078202,59.5,3325,3333
1649931979.29017,59.5,3324,3333
1649931987.9978626,59.5,3324,3333
1649931996.6988766,59.5,3324,3333
1649932005.919641,59.5,3324,3333
1649932015.128347,59.5,3324,3333
1649932023.8377934,59.5,3325,3334
1649932033.0484426,59.5,3325,3334
1649932041.7578447,59.5,3325,3333
1649932050.9681418,59.5,3324,3334
1649932059.6784027,59.5,3325,3333
1649932068.8880913,59.5,3324,3333
1649932077.6004066,59.5,3325,3333
1649932086.8084903,59.5,3324,3333
1649932095.509764,59.5,3325,3333
1649932104.7306826,59.5,3325,3333
1649932113.4385545,59.5,3324,3333
1649932122.6502943,59.5,3324,3333
1649932131.8683898,59.5,3324,3333
1649932141.0797815,59.5,3324,3333
1649932149.7885368,59.5,3325,3333
1649932158.998035,59.5,3324,3333
1649932168.2187426,59.5,3325,3333
1649932177.43821,59.5,3324,3333
1649932186.1391382,59.5,3324,3333
1649932194.839683,59.5,3324,3333
1649932203.5482202,59.5,3324,3333
1649932212.2485223,59.5,3325,3333
1649932220.9584076,59.5,3324,3333
1649932230.1684341,59.5,3324,3333
1649932238.8786929,59.5,3325,3333
1649932248.089318,59.5,3324,3333
1649932257.3080833,59.5,3324,3333
1649932266.0097647,59.5,3324,3333
1649932274.7187157,59.5,3324,3333
1649932283.9293911,59.5,3324,3332
1649932292.6393213,59.5,3325,3333
1649932301.9506433,59.5,3324,3334
1649932310.5595179,59.5,3324,3333
1649932319.7685554,59.5,3324,3333
1649932328.4777727,59.5,3325,3333
1649932337.6896772,59.5,3325,3333
1649932346.399679,59.5,3324,3333
1649932355.610188,59.5,3324,3333
1649932364.3188393,59.5,3325,3333
1649932373.529136,59.5,3324,3334
1649932382.748754,59.5,3325,3333
1649932391.9629035,59.5,3324,3333
1649932401.1797996,59.5,3325,3333
1649932410.399414,59.5,3324,3333
1649932419.6094542,59.5,3325,3333
1649932428.830358,59.5,3324,3333
1649932438.0437775,59.5,3324,3333
1649932447.2596357,59.5,3324,3333
1649932456.480221,59.5,3324,3333
1649932465.7002804,59.5,3324,3333
1649932474.9096634,59.5,3325,3333
1649932484.1188347,59.5,3325,3333
1649932492.8303034,59.5,3324,3333
1649932502.0456445,59.5,3325,3333
1649932511.260846,59.5,3324,3333
1649932520.480661,59.5,3324,3334
1649932529.6926239,59.5,3324,3333
1649932538.3995237,59.5,3325,3333
1649932547.716242,59.5,3325,3333
1649932556.831125,59.5,3325,3333
1649932566.0464256,59.5,3324,3333
1649932575.2613733,59.5,3325,3333
1649932584.4797537,59.5,3325,3333
1649932593.6943595,59.5,3324,3334
1649932602.9004045,59.5,3324,3333
1649932612.1706479,59.5,3324,3333
1649932620.8308275,59.5,3324,3333
1649932630.0399055,59.5,3324,3333
1649932639.2628086,59.5,3324,3333
1649932648.4696515,59.5,3324,3334
1649932657.1838198,59.5,3325,3333
1649932666.3898413,59.5,3324,3334
1649932675.1041758,59.5,3324,3333
1649932684.3101044,59.5,3324,3333
1649932693.0256321,59.5,3325,3333
1649932701.720311,59.5,3324,3334
1649932710.4306216,59.5,3325,3333
1649932719.6412234,59.5,3325,3333
1649932728.861967,59.5,3325,3333
1649932737.5610988,59.5,3324,3334
1649932746.7833185,59.5,3324,3333
1649932755.4720547,59.5,3325,3333
1649932764.191155,59.5,3324,3333
1649932773.4005597,59.5,3324,3333
1649932782.111658,59.5,3325,3333
1649932791.3206842,59.5,3325,3333
1649932800.52977,59.5,3324,3333
1649932809.8646214,59.5,3324,3333
1649932818.4673774,59.5,3325,3333
1649932827.1605208,59.5,3324,3333
1649932835.872482,59.5,3324,3333
1649932845.0808535,59.5,3325,3333
1649932853.7928035,59.5,3324,3333
1649932863.0008187,59.5,3324,3333
1649932871.7136986,59.5,3324,3333
1649932880.920469,59.5,3324,3333
1649932889.631892,59.5,3324,3333
1649932898.8415496,59.5,3324,3334
1649932908.0606,59.5,3324,3332
1649932917.2717206,59.5,3324,3333
1649932926.5054023,59.5,3324,3333
1649932935.1918457,59.5,3325,3333
1649932944.4193728,59.5,3324,3334
1649932953.6309724,59.5,3325,3334
1649932962.8423388,59.5,3324,3333
1649932972.061666,59.5,3324,3333
1649932981.2708778,59.5,3325,3333
1649932989.981492,59.5,3324,3333
1649932999.1916416,59.5,3325,3333
1649933007.9003356,59.5,3324,3334
1649933017.1132243,59.5,3325,3333
1649933025.8204567,59.5,3325,3333
1649933035.0307298,59.5,3325,3333
1649933043.7420857,59.5,3324,3333
1649933052.951099,59.5,3324,3334
1649933061.6606421,59.5,3325,3333
1649933070.8713846,59.5,3324,3333
1649933079.58175,59.5,3324,3333
1649933088.7911155,59.5,3324,3334
1649933097.5020936,59.5,3324,3333
1649933106.7113948,59.5,3325,3333
1649933115.4215815,59.5,3324,3333
1649933124.6315377,59.5,3325,3333
1649933133.3422492,59.5,3324,3333
1649933142.6551833,59.5,3324,3333
1649933151.2623627,59.5,3323,3333
1649933160.4729288,59.5,3324,3333
1649933169.1820083,59.5,3325,3333
1649933178.3933384,59.5,3325,3333
1649933187.1020632,59.5,3324,3333
1649933196.3114982,59.5,3324,3333
1649933205.5336373,59.5,3324,3333
1649933214.2350035,59.5,3325,3333
1649933222.9437711,59.5,3324,3333
1649933232.1515386,59.5,3323,3333
1649933240.8632336,59.5,3324,3333
1649933250.0718918,59.5,3325,3333
1649933259.2918918,59.5,3325,3334
1649933268.502162,59.5,3324,3333
1649933277.2118807,59.5,3324,3333
1649933286.4223528,59.5,3325,3333
1649933295.1328263,59.5,3324,3333
1649933303.832682,59.5,3324,3333
1649933312.5427399,59.5,3324,3334
1649933321.75178,59.5,3324,3333
1649933330.9736857,59.5,3324,3333
1649933339.692616,59.5,3324,3334
1649933348.3813934,59.5,3325,3333
1649933357.5917957,59.5,3325,3333
1649933366.814336,59.5,3324,3333
1649933375.5119462,59.5,3325,3333
1649933384.2226205,59.5,3325,3333
1649933393.432032,59.5,3324,3333
1649933402.6519806,59.5,3324,3333
1649933411.35419,59.5,3324,3333
1649933420.0642147,59.5,3325,3333
1649933429.271951,59.5,3325,3333
1649933437.9834328,59.5,3324,3333
1649933447.7044184,59.5,3324,3333
1649933456.4124484,59.5,3325,3333
1649933465.1147003,59.5,3325,3333
1649933474.3324451,59.5,3323,3333
1649933483.54224,59.5,3325,3334
1649933492.2525122,59.5,3324,3333
1649933501.4616992,59.5,3324,3333
1649933510.6834433,59.5,3325,3334
1649933519.382308,59.5,3324,3333
1649933528.0930731,59.5,3324,3333
1649933537.3028486,59.5,3324,3333
1649933546.0155237,59.5,3324,3334
1649933555.2226956,59.5,3324,3333
1649933563.9328494,59.5,3325,3333
1649933573.143273,59.5,3325,3333
1649933581.8524818,59.5,3324,3333
1649933591.0629044,59.5,3325,3334
1649933599.7742028,59.5,3324,3333
1649933608.9825907,59.5,3325,3333
1649933617.6928377,59.5,3324,3334
1649933626.9025323,59.5,3323,3333
1649933635.6126602,59.5,3325,3333
1649933644.8230062,59.5,3325,3333
1649933653.532912,59.5,3325,3333
1649933662.7431011,59.5,3325,3333
1649933671.4538116,59.5,3325,3333
1649933680.6898592,59.5,3324,3333
1649933689.373494,59.5,3324,3333
1649933698.5836518,59.5,3325,3333
1649933707.8029885,59.5,3324,3333
1649933716.503992,59.5,3324,3334
1649933725.2142136,59.5,3324,3333
1649933734.427952,59.5,3325,3333
1649933743.642978,59.5,3324,3333
1649933752.86372,59.5,3324,3334
1649933762.073051,59.5,3325,3334
1649933771.29467,59.5,3324,3334
1649933780.5061576,59.5,3324,3333
1649933789.7232835,59.5,3325,3333
1649933798.937136,59.5,3325,3333
1649933808.1539962,59.5,3324,3333
1649933817.3737216,59.5,3323,3333
1649933826.583173,59.5,3324,3333
1649933835.8027055,59.5,3324,3333
1649933845.0160627,59.5,3325,3333
1649933853.720522,59.5,3324,3333
1649933862.932944,59.5,3325,3333
1649933872.156594,59.5,3324,3333
1649933880.85363,59.5,3324,3333
1649933890.0735676,59.5,3324,3333
1649933898.7742684,59.5,3324,3333
1649933907.4850152,59.5,3325,3333
1649933916.6943,59.5,3325,3333
1649933925.4043875,59.5,3325,3333
1649933934.6138477,59.5,3324,3334
1649933943.8343194,59.5,3325,3333
1649933952.5339427,59.5,3325,3333
1649933961.2454515,59.5,3324,3333
1649933970.4540474,59.5,3325,3333
1649933979.1667054,59.5,3324,3334
1649933988.3744886,59.5,3324,3333
1649933997.0927942,59.5,3324,3333
1649934006.2937808,59.5,3325,3333
1649934015.0038047,59.5,3324,3333
1649934024.2140734,59.5,3324,3333
1649934032.9238594,59.5,3324,3334
1649934041.6244566,59.5,3324,3334
1649934050.3353014,59.5,3324,3334
1649934059.5433984,59.5,3324,3333
1649934068.2558377,59.5,3325,3333
1649934077.464271,59.5,3325,3333
1649934086.1768122,59.5,3325,3333
1649934095.3938699,59.5,3325,3333
1649934104.097337,59.5,3324,3333
1649934113.3061166,59.5,3324,3333
1649934122.5252602,59.5,3324,3334
1649934131.7345924,59.5,3325,3333
1649934140.4509282,59.5,3324,3333
1649934149.6571276,59.5,3325,3333
1649934158.3659308,59.5,3324,3333
1649934167.0649345,59.5,3325,3333
1649934175.7750227,59.5,3325,3333
1649934184.4784007,59.5,3324,3333
1649934193.6953635,59.5,3325,3333
1649934202.904108,59.5,3324,3334
1649934211.6142232,59.5,3324,3334
1649934220.8253565,59.5,3324,3333
1649934230.0472124,59.5,3324,3333
1649934239.25691,59.5,3324,3334
1649934248.4752188,59.5,3325,3333
1649934257.6957695,59.5,3324,3333
1649934266.906822,59.5,3325,3333
1649934276.1246622,59.5,3324,3333
1649934285.3344345,59.5,3325,3333
1649934294.55416,59.5,3325,3333
1649934303.7772336,59.5,3325,3333
1649934312.9875748,59.5,3325,3332
1649934322.2049847,59.5,3325,3333
1649934331.414441,59.5,3324,3333
1649934340.1238034,59.5,3325,3333
1649934349.3358145,59.5,3324,3333
1649934358.5559258,59.5,3324,3333
1649934367.7649932,59.5,3325,3334
1649934376.4762235,59.5,3324,3333
1649934385.1744046,59.5,3325,3333
1649934394.3967962,59.5,3324,3333
1649934403.6181006,59.5,3325,3334
1649934412.31749,59.5,3324,3333
1649934421.5250766,59.5,3325,3333
1649934430.235109,59.5,3324,3333
1649934438.9347973,59.5,3324,3333
1649934447.6412604,59.5,3324,3333
1649934456.855428,59.5,3325,3333
1649934465.5660846,59.5,3324,3333
1649934474.774726,59.5,3324,3333
1649934483.486582,59.5,3324,3333
1649934492.695158,59.5,3325,3333
1649934501.4069653,59.5,3325,3333
1649934510.6145418,59.5,3324,3333
1649934519.325147,59.5,3324,3333
1649934528.5354443,59.5,3325,3333
1649934537.2453156,59.5,3325,3333
1649934546.4553773,59.5,3324,3334
1649934555.1654334,59.5,3324,3334
1649934564.375248,59.5,3325,3333
1649934573.0855868,59.5,3325,3332
1649934582.2958555,59.5,3325,3333
1649934591.005663,59.5,3325,3333
1649934600.216129,59.5,3324,3333
1649934609.43518,59.5,3325,3334
1649934618.6448958,59.5,3325,3334
1649934627.8653343,59.5,3324,3332
1649934636.5655222,59.5,3325,3333
1649934645.785547,59.5,3325,3333
1649934654.4856076,59.5,3325,3332
1649934663.1967432,59.5,3324,3334
1649934672.4066246,59.5,3325,3333
1649934681.1160522,59.5,3324,3334
1649934690.3256505,59.5,3324,3333
1649934699.0357957,59.5,3324,3333
1649934708.245337,59.5,3325,3333
1649934716.9556763,59.5,3324,3333
1649934726.1675677,59.5,3324,3333
1649934734.8750086,59.5,3324,3333
1649934744.0858479,59.5,3324,3333
1649934752.7974658,59.5,3324,3334
1649934762.004858,59.5,3324,3334
1649934770.7160482,59.5,3325,3333
1649934779.4169796,59.5,3324,3333
1649934788.6365826,59.5,3324,3333
1649934797.846141,59.5,3325,3334
1649934806.5572684,59.5,3325,3334
1649934815.2561705,59.5,3324,3333
1649934823.9662359,59.5,3325,3333
1649934832.6667206,59.5,3325,3333
1649934841.3607075,59.5,3323,3332
1649934850.077207,59.5,3325,3333
1649934858.7762928,59.5,3325,3334
1649934867.9979146,59.5,3325,3333
1649934877.2065573,59.5,3324,3333
1649934885.9196575,59.5,3324,3333
1649934895.1272283,59.5,3325,3334
1649934903.8340812,59.5,3324,3333
1649934913.0765157,59.5,3324,3334
1649934922.2717662,59.5,3324,3333
1649934931.489579,59.5,3325,3332
1649934940.1880295,59.5,3324,3333
1649934949.3973587,59.5,3325,3333
1649934958.1066844,59.5,3325,3333
1649934966.806628,59.5,3324,3333
1649934976.0274763,59.5,3325,3334
1649934985.236884,59.5,3324,3333
1649934993.9474924,59.5,3325,3333
1649935003.157248,59.5,3325,3333
1649935011.8678813,59.5,3324,3333
1649935021.0775204,59.5,3324,3333
1649935029.276815,59.5,3325,3333
1649935038.4873435,59.5,3324,3333
1649935047.7093396,59.5,3324,3333
1649935056.9190707,59.5,3325,3334
1649935065.6278372,59.5,3325,3333
1649935074.837229,59.5,3325,3333
1649935083.547553,59.5,3325,3334
1649935092.2478528,59.5,3324,3333
1649935101.4575264,59.5,3325,3333
1649935110.176662,59.5,3324,3333
1649935118.8766885,59.5,3325,3333
1649935128.0880854,59.5,3325,3333
1649935136.797803,59.5,3324,3334
1649935146.0071836,59.5,3325,3333
1649935154.717258,59.5,3325,3334
1649935163.9289548,59.5,3325,3333
1649935172.6390357,59.5,3325,3334
1649935181.8474548,59.5,3324,3333
1649935191.069689,59.5,3324,3333
1649935200.2794058,59.5,3325,3333
1649935209.4877386,59.5,3325,3333
1649935218.7191296,59.5,3325,3333
1649935227.9288025,59.5,3324,3333
1649935237.1520813,59.5,3324,3333
1649935246.3611996,59.5,3324,3333
1649935255.577223,59.5,3324,3333
1649935264.799665,59.5,3325,3333
1649935274.0103796,59.5,3324,3334
1649935283.2278135,59.5,3325,3333
1649935292.4420004,59.5,3325,3333
1649935301.6577644,59.5,3325,3333
1649935310.87703,59.5,3325,3333
1649935320.0891058,59.5,3324,3333
1649935329.3074737,59.5,3325,3334
1649935338.5732548,59.5,3325,3333
1649935347.739908,59.5,3324,3334
1649935356.437344,59.5,3324,3333
1649935365.659398,59.5,3324,3334
1649935374.8784385,59.5,3325,3333
1649935384.090809,59.5,3324,3333
1649935392.7971973,59.5,3324,3333
1649935402.0117822,59.5,3325,3333
1649935411.228177,59.5,3324,3333
1649935420.4381528,59.5,3324,3333
1649935429.1479402,59.5,3324,3333
1649935438.3576646,59.5,3324,3333
1649935447.0696201,59.5,3324,3333
1649935456.2781014,59.5,3325,3333
1649935464.9874403,59.5,3324,3333
1649935474.1981366,59.5,3325,3333
1649935482.9085772,59.5,3325,3333
1649935492.1756532,59.5,3324,3333
1649935500.8293624,59.5,3324,3333
1649935509.5277898,59.5,3325,3333
1649935518.2296562,59.5,3325,3333
1649935526.9431612,59.5,3325,3333
1649935535.6315553,59.5,3324,3333
1649935544.3647037,59.5,3325,3333
1649935553.5583937,59.5,3325,3334
1649935562.2685943,59.5,3325,3334
1649935571.478849,59.5,3325,3334
1649935580.2030568,59.5,3324,3334
1649935589.3987336,59.5,3325,3333
1649935598.1085606,59.5,3325,3333
1649935607.3192883,59.5,3324,3333
1649935616.0298028,59.5,3325,3333
1649935625.31756,59.5,3324,3333
1649935634.458706,59.5,3324,3333
1649935643.6728644,59.5,3325,3334
1649935652.8891945,59.5,3324,3334
1649935662.1104894,59.5,3325,3334
1649935671.3210115,59.5,3324,3333
1649935680.5391934,59.5,3325,3333
1649935689.7482653,59.5,3324,3333
1649935698.9686875,59.5,3324,3333
1649935708.1906486,59.5,3324,3333
1649935717.4026473,59.5,3324,3333
1649935726.618516,59.5,3324,3333
1649935735.8287063,59.5,3325,3333
1649935745.054148,59.5,3324,3333
1649935754.2719593,59.5,3324,3333
1649935763.4832385,59.5,3325,3334
1649935772.6990218,59.5,3324,3333
1649935781.9092045,59.5,3325,3333
1649935790.6201866,59.5,3325,3333
1649935799.8315904,59.5,3325,3333
1649935808.5391066,59.5,3324,3333
1649935817.749868,59.5,3324,3333
1649935827.029059,59.5,3325,3333
1649935835.669487,59.5,3324,3333
1649935844.3807416,59.5,3325,3334
1649935853.5892894,59.5,3325,3333
1649935862.3011806,59.5,3324,3334
1649935871.509163,59.5,3324,3333
1649935880.2199996,59.5,3324,3334
1649935889.4294858,59.5,3324,3333
1649935898.1418104,59.5,3324,3334
1649935906.8383715,59.5,3324,3333
1649935916.0624547,59.5,3325,3333
1649935925.2699666,59.5,3325,3333
1649935934.4896595,59.5,3324,3333
1649935943.1988387,59.5,3324,3333
1649935952.4098403,59.5,3324,3333
1649935961.10997,59.5,3324,3333
1649935969.8233697,59.5,3324,3333
1649935979.0295093,59.5,3324,3333
1649935987.742931,59.5,3324,3333
1649935996.9493923,59.5,3324,3333
1649936005.6637108,59.5,3324,3333
1649936014.8698921,59.5,3323,3333
1649936023.5840523,59.5,3324,3332
1649936032.7908938,59.5,3325,3334
1649936041.4989789,59.5,3325,3333
1649936050.7110565,59.5,3325,3333
1649936059.4201536,59.5,3324,3334
1649936068.6324372,59.5,3325,3334
1649936077.340224,59.5,3325,3333
1649936086.5534263,59.5,3324,3334
1649936095.7694247,59.5,3324,3333
1649936104.9808068,59.5,3326,3334
1649936114.2011595,59.5,3324,3333
1649936122.9016168,59.5,3325,3333
1649936132.120399,59.5,3324,3332
1649936140.821791,59.5,3325,3333
1649936150.0406015,59.5,3324,3333
1649936158.7420232,59.5,3325,3333
1649936167.450139,59.5,3324,3333
1649936176.6629834,59.5,3325,3333
1649936185.8823926,59.5,3324,3333
1649936195.0999265,59.5,3325,3333
1649936204.3112981,59.5,3325,3333
1649936213.5306394,59.5,3324,3333
1649936222.2311716,59.5,3323,3334
1649936230.940547,59.5,3325,3333
1649936240.1524093,59.5,3325,3333
1649936249.3722794,59.5,3325,3334
1649936258.5844772,59.5,3325,3333
1649936267.8003242,59.5,3324,3333
1649936276.5047712,59.5,3325,3333
1649936285.7239866,59.5,3325,3333
1649936294.940469,59.5,3325,3333
1649936304.1533504,59.5,3324,3333
1649936313.3722594,59.5,3325,3333
1649936322.581056,59.5,3325,3334
1649936331.801634,59.5,3325,3334
1649936340.5005934,59.5,3324,3333
1649936349.7216763,59.5,3325,3333
1649936358.4368625,59.5,3325,3333
1649936367.1302917,59.5,3325,3333
1649936376.3405116,59.5,3325,3333
1649936385.05069,59.5,3325,3333
1649936394.2606468,59.5,3325,3333
1649936402.9755623,59.5,3326,3333
1649936412.1817467,59.5,3325,3333
1649936420.8901796,59.5,3325,3333
1649936430.1012747,59.5,3324,3333
1649936438.8117466,59.5,3324,3333
1649936448.0208888,59.5,3325,3333
1649936456.7308156,59.5,3325,3333
1649936465.4321446,59.5,3324,3333
1649936474.6513016,59.5,3325,3333
1649936483.350919,59.5,3325,3333
1649936492.5726993,59.5,3325,3334
1649936501.780229,59.5,3324,3334
1649936510.492328,59.5,3324,3333
1649936519.2649357,59.5,3324,3333
1649936528.412269,59.5,3325,3333
1649936537.1116772,59.5,3325,3333
1649936546.3325832,59.5,3324,3333
1649936555.5404484,59.5,3324,3333
1649936564.2536538,59.5,3325,3334
1649936573.4615433,59.5,3324,3333
1649936582.1738818,59.5,3325,3333
1649936591.3816235,59.5,3325,3333
1649936600.091398,59.5,3324,3333
1649936609.3016562,59.5,3324,3333
1649936618.014544,59.5,3325,3333
1649936627.2219672,59.5,3324,3332
1649936635.9348643,59.5,3325,3333
1649936645.1420147,59.5,3324,3333
1649936653.8544073,59.5,3325,3333
1649936663.0624664,59.5,3325,3333
1649936671.7759857,59.5,3325,3333
1649936680.9929872,59.5,3325,3334
1649936690.2017262,59.5,3325,3334
1649936698.9040036,59.5,3325,3333
1649936707.6118221,59.5,3324,3333
1649936716.9002502,59.5,3325,3334
1649936726.0425196,59.5,3325,3334
1649936735.2563567,59.5,3324,3333
1649936743.9611168,59.5,3324,3333
1649936753.1728396,59.5,3325,3333
1649936762.392268,59.5,3324,3333
1649936771.0816956,59.5,3324,3333
1649936780.3122828,59.5,3325,3333
1649936789.53326,59.5,3325,3333
1649936798.7446396,59.5,3324,3333
1649936807.9614177,59.5,3325,3333
1649936817.1724565,59.5,3324,3333
1649936826.3925033,59.5,3325,3333
1649936835.0929284,59.5,3324,3334
1649936843.802043,59.5,3324,3333
1649936853.012573,59.5,3325,3333
1649936861.722299,59.5,3324,3333
1649936870.9231045,59.5,3325,3334
1649936879.6429808,59.5,3324,3333
1649936888.8524966,59.5,3324,3334
1649936897.5556185,59.5,3325,3333
1649936906.77271,59.5,3325,3334
1649936915.4842212,59.5,3325,3333
1649936924.7070158,59.5,3325,3333
1649936933.4030051,59.5,3325,3333
1649936942.1022317,59.5,3324,3333
1649936950.8126044,59.5,3324,3333
1649936960.02385,59.5,3325,3333
1649936968.7229197,59.5,3325,3333
1649936977.9424868,59.5,3325,3334
1649936986.6528141,59.5,3325,3333
1649936995.8620963,59.5,3325,3334
1649937004.5726488,59.5,3324,3333
1649937013.7846346,59.5,3324,3333
1649937022.493751,59.5,3325,3333
1649937031.702566,59.5,3324,3333
1649937040.9268706,59.5,3325,3333
1649937050.132525,59.5,3325,3333
1649937058.8381412,59.5,3325,3333
1649937068.0527198,59.5,3325,3333
1649937076.7670927,59.5,3324,3333
1649937085.9729614,59.5,3325,3334
1649937094.6877909,59.5,3325,3333
1649937103.8936753,59.5,3325,3333
1649937113.1045656,59.5,3325,3332
1649937122.3325627,59.5,3324,3333
1649937131.0335584,59.5,3325,3333
1649937139.7333841,59.5,3324,3333
1649937148.436326,59.5,3325,3333
1649937157.6534023,59.5,3325,3333
1649937166.3631692,59.5,3324,3333
1649937175.5732143,59.5,3325,3333
1649937184.2832277,59.5,3325,3333
1649937193.4935982,59.5,3325,3333
1649937202.2040737,59.5,3325,3333
1649937211.4126637,59.5,3324,3333
1649937220.1250486,59.5,3325,3333
1649937229.3335478,59.5,3325,3333
1649937238.0427501,59.5,3325,3334
1649937247.2545404,59.5,3325,3334
1649937255.96487,59.5,3324,3333
1649937265.1748025,59.5,3324,3333
1649937273.8844833,59.5,3324,3333
1649937283.0965974,59.5,3324,3333
1649937292.3152235,59.5,3324,3333
1649937301.5247438,59.5,3325,3334
1649937310.7434888,59.5,3325,3334
1649937318.9354959,59.5,3325,3333
1649937328.1538608,59.5,3325,3333
1649937337.4552932,59.5,3325,3334
1649937346.0731213,59.5,3325,3333
1649937355.2836628,59.5,3325,3333
1649937363.9937177,59.5,3325,3333
1649937373.2028039,59.5,3324,3333
1649937381.9141111,59.5,3325,3333
1649937391.124054,59.5,3324,3334
1649937399.8335862,59.5,3325,3333
1649937408.5389085,59.5,3324,3333
1649937417.7589161,59.5,3324,3333
1649937426.9631522,59.5,3325,3333
1649937435.9952965,59.5,3325,3333
1649937446.6120784,59.5,3324,3333
1649937456.2361135,59.5,3325,3334
1649937465.614418,59.5,3325,3334
1649937475.4206898,59.5,3325,3333
1649937485.1905646,59.5,3325,3333
1649937494.7040594,59.5,3325,3333
1649937504.5468986,59.5,3325,3333
1649937514.394056,59.5,3325,3333
1649937523.816863,59.5,3324,3333
1649937532.956646,59.5,3324,3333
1649937542.1644793,59.5,3325,3333
1649937551.3834758,59.5,3325,3333
1649937560.0856986,59.5,3325,3333
1649937568.7972455,59.5,3325,3333
1649937577.493515,59.5,3325,3334
1649937586.2059383,59.5,3325,3333
1649937595.414098,59.5,3325,3333
1649937604.6264105,59.5,3324,3333
